wrclmch,anweight,party_feel_closest
0.4,1.184588,left
0.4,0.3357224,left
0.4,0.6982442,left
0.4,0.13899043,left
0.4,0.095651016,left
0.8,0.056871403,left
0.0,0.4584809,middle left
-0.4,1.0453805,middle left
0.4,0.28886795,middle left
0.4,0.27798086,middle left
0.0,0.060802206,middle left
0.4,0.101897456,middle left
0.4,0.17859542,middle left
0.0,0.164786,middle left
0.0,0.10487097,middle left
0.0,0.12189031,middle left
0.4,0.67275184,middle left
0.8,0.14777084,none
0.0,1.3238642,none
0.4,0.17554021,none
0.0,0.23615955,none
0.4,0.13942225,none
-0.4,1.3238642,none
0.0,0.058316287,none
0.4,0.07704723,none
-0.4,0.087982416,none
0.0,0.20577735,none
0.0,0.0718269,none
0.0,0.20036717,none
0.0,1.3238645,none
0.0,0.1868448,none
0.4,0.51911527,none
0.0,0.18767118,none
-0.8,0.080733895,none
0.0,0.39144412,none
0.0,0.12130628,none
-0.4,1.106983,none
-0.4,0.057419594,none
0.4,1.3238645,none
0.0,0.12160441,none
0.4,0.2624325,none
0.8,0.30178684,none
0.0,0.31998032,none
0.0,0.07763201,none
0.4,0.097977616,none
-0.8,0.47110292,none
0.0,0.1678612,none
0.0,1.3238645,none
0.8,0.7505176,none
0.0,0.15414636,none
0.8,0.94633317,none
-0.8,0.31606352,none
0.0,0.4721567,none
0.0,0.24013658,none
0.4,0.09160248,none
0.8,0.29471585,none
0.4,0.08073391,none
-0.4,0.6852419,none
0.0,0.21522257,none
0.8,0.9193418,none
0.0,0.18054458,none
0.4,0.09976586,none
0.0,0.8437367,none
0.8,1.3238643,none
0.0,0.13009207,none
0.4,0.13517718,none
0.0,0.07684516,none
-0.4,0.31014088,none
-0.8,0.19209859,none
0.0,0.14477287,none
0.4,0.3093612,none
-0.4,0.42221728,none
0.8,0.7702916,none
0.0,0.1934981,none
0.0,0.1676253,none
0.0,0.27020162,none
0.0,0.29859263,none
0.0,0.510208,none
0.0,0.15369032,none
0.8,0.08725899,middle right
0.0,0.20661065,middle right
0.0,0.3357223,middle right
0.4,0.77728224,middle right
0.0,0.053822216,middle right
0.8,0.39902058,middle right
0.8,0.5413078,middle right
-0.4,0.4821347,middle right
0.0,0.10664708,middle right
0.4,0.29267672,middle right
0.0,0.09372955,middle right
0.0,0.35959753,middle right
0.4,0.22856614,middle right
0.0,0.46916294,right
-0.4,0.12750545,right
-0.4,0.10293316,right
-0.4,0.2594296,right
-0.4,0.35759655,right
0.0,0.23609287,right
0.0,0.27017623,right
0.0,0.5365671,right
